{
    "train_runtime": 3345.7037,
    "train_samples_per_second": 11.208,
    "train_steps_per_second": 0.351,
    "total_flos": 3.49474261248e+16,
    "train_loss": 0.6332087516784668,
    "epoch": 3.0,
    "total_runtime": 3687.1278400421143
}